{
  "type": "FeatureCollection",
  "features": [
    {
      "type": "Feature",
      "properties": {
        "name": "Three Forks Fire Department",
        "type": "Fire Station",
        "address": "212 Main St, Three Forks, MT 59752",
        "phone": "(406) 285-3212",
        "services": ["Fire Response", "Emergency Medical", "Rescue"],
        "icon": "fire"
      },
      "geometry": {
        "type": "Point",
        "coordinates": [-111.5519, 45.8927]
      }
    },
    {
      "type": "Feature",
      "properties": {
        "name": "Gallatin County Sheriff - Three Forks",
        "type": "Law Enforcement",
        "address": "Three Forks, MT",
        "phone": "(406) 582-2100",
        "emergency": "911",
        "services": ["Law Enforcement", "Emergency Response"],
        "icon": "police"
      },
      "geometry": {
        "type": "Point",
        "coordinates": [-111.5505, 45.8920]
      }
    },
    {
      "type": "Feature",
      "properties": {
        "name": "Three Forks City Hall",
        "type": "Government",
        "address": "206 Main St, Three Forks, MT 59752",
        "phone": "(406) 285-3431",
        "hours": "Mon-Fri 8am-5pm",
        "services": ["Utilities", "Permits", "City Services", "Public Records"],
        "website": "https://threeforksmontana.us",
        "icon": "city_hall"
      },
      "geometry": {
        "type": "Point",
        "coordinates": [-111.5523, 45.8926]
      }
    },
    {
      "type": "Feature",
      "properties": {
        "name": "Three Forks Public Library",
        "type": "Library",
        "address": "607 Main St, Three Forks, MT 59752",
        "phone": "(406) 285-3747",
        "hours": "Tue-Sat 10am-5pm",
        "services": ["Books", "Internet", "Programs", "Meeting Rooms"],
        "icon": "library"
      },
      "geometry": {
        "type": "Point",
        "coordinates": [-111.5482, 45.8923]
      }
    },
    {
      "type": "Feature",
      "properties": {
        "name": "Three Forks Post Office",
        "type": "Post Office",
        "address": "110 N Main St, Three Forks, MT 59752",
        "phone": "(406) 285-3271",
        "hours": "Mon-Fri 8:30am-4:30pm, Sat 9am-11am",
        "services": ["Mail", "Packages", "PO Boxes"],
        "icon": "post_office"
      },
      "geometry": {
        "type": "Point",
        "coordinates": [-111.5522, 45.8938]
      }
    },
    {
      "type": "Feature",
      "properties": {
        "name": "Bozeman Health - Three Forks Clinic",
        "type": "Medical",
        "address": "123 W Cedar St, Three Forks, MT 59752",
        "phone": "(406) 285-6666",
        "hours": "Mon-Fri 8am-5pm",
        "services": ["Primary Care", "Urgent Care", "Lab Services"],
        "note": "For emergencies, Bozeman Deaconess Hospital is 30 min away",
        "icon": "medical"
      },
      "geometry": {
        "type": "Point",
        "coordinates": [-111.5545, 45.8932]
      }
    },
    {
      "type": "Feature",
      "properties": {
        "name": "Three Forks Elementary School",
        "type": "School",
        "address": "219 E Neal St, Three Forks, MT 59752",
        "phone": "(406) 285-3224",
        "grades": "K-6",
        "district": "Three Forks School District",
        "icon": "school"
      },
      "geometry": {
        "type": "Point",
        "coordinates": [-111.5494, 45.8913]
      }
    },
    {
      "type": "Feature",
      "properties": {
        "name": "Three Forks High School",
        "type": "School",
        "address": "212 E Neal St, Three Forks, MT 59752",
        "phone": "(406) 285-3224",
        "grades": "7-12",
        "district": "Three Forks School District",
        "icon": "school"
      },
      "geometry": {
        "type": "Point",
        "coordinates": [-111.5498, 45.8908]
      }
    }
  ]
}
